,date,total_btc_count,total_btc_favor_count,perc_btc_favor_tweets,total_btc_oppo_count,perc_btc_oppo_tweets,total_btc_favor_likes,total_btc_favor_retweets,total_btc_favor_quotes,total_btc_oppo_likes,total_btc_oppo_retweets,total_btc_oppo_quotes,avg_btc_sentiment_scores,avg_btc_favor_scores,avg_btc_oppo_scores,avg_btc_favor_likes,avg_btc_favor_retweets,avg_btc_favor_quotes,log_avg_btc_favor_likes,log_avg_btc_favor_retweets,log_avg_btc_favor_quotes,log_avg_btc_favor_scores,perc_btc_favor_tweets_diff,avg_btc_favor_likes_diff,avg_btc_favor_retweets_diff,avg_btc_favor_quotes_diff,avg_btc_oppo_likes,avg_btc_oppo_retweets,avg_btc_oppo_quotes,log_avg_btc_oppo_likes,log_avg_btc_oppo_retweets,log_avg_btc_oppo_scores,log_avg_btc_oppo_quotes,perc_btc_oppo_tweets_diff,avg_btc_oppo_likes_diff,avg_btc_oppo_retweets_diff,avg_btc_oppo_quotes_diff
0,2019-08-20,8757.0,6294.0,0.7187392942788626,2463.0,0.28126070572113737,14985.0,2975.0,344.0,4481.0,878.0,115.0,0.28834984583761564,0.40436220166723763,0.116012355829622,2.380838894184938,0.4726723863997458,0.05465522720050842,1.2181238722458443,0.3870787002514805,0.05321391465556775,0.33958325072838347,,,,,1.8193260251725538,0.3564758424685343,0.046691027202598455,1.0364978582196482,0.3048900442362186,0.10976193542974959,0.045633785378594784,,,,
1,2019-08-21,56710.0,41512.0,0.7320049374008112,15198.0,0.26799506259918887,68837.0,22383.0,3882.0,32026.0,6338.0,886.0,0.3456906577323223,0.4502719873038265,0.10458132957150415,1.65824339949894,0.5391934862208518,0.09351512815571401,0.9776655285210308,0.43125856899522813,0.08939739565783943,0.3717511162929475,0.013265643121948556,-0.7225954946859978,0.06652109982110604,0.03885990095520559,2.1072509540729043,0.41702855638899855,0.058297144361100145,1.133738397690795,0.34856211321472413,0.0994663759081934,0.05666114878743442,-0.0132656431219485,0.2879249289003505,0.06055271392046424,0.01160611715850169
2,2019-08-22,49989.0,36696.0,0.7340814979295445,13293.0,0.2659185020704555,66071.0,18208.0,3014.0,25466.0,4692.0,832.0,0.3051164796255177,0.4131946448218608,0.1080781651963432,1.8004959668628733,0.4961848702855897,0.08213429256594725,1.0297965325177656,0.4029184483114627,0.07893528784828922,0.34585284709704667,0.0020765605287332844,0.1422525673639332,-0.04300861593526212,-0.011380835589766769,1.9157451290152712,0.3529677273753103,0.06258933273151282,1.0701254060106813,0.30230049626212513,0.1026271320429114,0.0607086961470425,-0.0020765605287333955,-0.19150582505763314,-0.06406082901368826,0.004292188370412675
3,2019-08-23,52047.0,36303.0,0.6975041789152112,15744.0,0.30249582108478873,65084.0,18478.0,2659.0,33207.0,7565.0,927.0,0.2788724806424962,0.39898990912060256,0.12011742847810633,1.7927994931548357,0.5089937470732446,0.07324463542957882,1.0270444953258726,0.41144303602182136,0.0706864296749872,0.3357504827342448,-0.036577319014333254,-0.00769647370803761,0.01280887678765491,-0.008889657136368426,2.1091844512195124,0.4805005081300813,0.058879573170731704,1.1343604574671455,0.392380211774635,0.11343352666640787,0.057211342655996276,0.036577319014333254,0.1934393222042412,0.12753278075477104,-0.003709759560781116
4,2019-08-24,36312.0,26437.0,0.7280513328927076,9875.0,0.2719486671072924,45903.0,11297.0,1999.0,17302.0,3516.0,850.0,0.30274541473892924,0.40329056234853494,0.10054514760960563,1.7363165260808715,0.4273177743314294,0.07561372319098233,1.0066126824258501,0.35579700069131953,0.0728914039691349,0.3388198804252766,0.03054715397749641,-0.05648296707396416,-0.0816759727418152,0.0023690877614035155,1.7521012658227848,0.3560506329113924,0.08607594936708861,1.012364716568075,0.3045765287262435,0.09580564577679083,0.0825711540268951,-0.030547153977496355,-0.35708318539672756,-0.12444987521868894,0.027196376196356904
5,2019-08-25,33810.0,24229.0,0.7166223010943508,9581.0,0.28337769890564923,39453.0,9762.0,1438.0,19207.0,3588.0,458.0,0.28333563442768417,0.3950807157645667,0.11174508133688259,1.6283379421354576,0.4029056089809732,0.059350365264765365,0.9663516852528211,0.3385455208677307,0.057655857288938815,0.33295227436258984,-0.011429031798356859,-0.10797858394541393,-0.024412165350456205,-0.01626335792621697,2.004696795741572,0.37449118046132973,0.04780294332533139,1.1001766629768215,0.31808361205934677,0.10593092614602147,0.04669553704065324,0.011429031798356859,0.252595529918787,0.018440547549937347,-0.03827300604175722
6,2019-08-26,50741.0,38771.0,0.7640960958593642,11970.0,0.23590390414063578,65397.0,21261.0,3578.0,23790.0,4095.0,753.0,0.3348966811848406,0.4243634634713545,0.08946678228651386,1.6867504062314616,0.5483737845296742,0.09228547109953315,0.9883324359372017,0.43720520889453396,0.08827226357916704,0.35372502162308417,0.047473794765013455,0.05841246409600398,0.145468175548701,0.03293510583476779,1.987468671679198,0.34210526315789475,0.06290726817042606,1.0944264307354317,0.29423947299794,0.08568838598548101,0.06100785959068157,-0.047473794765013455,-0.01722812406237373,-0.032385917303434986,0.015104324845094677
7,2019-08-27,49801.0,35706.0,0.7169735547478966,14095.0,0.28302644525210335,72651.0,18401.0,2809.0,28940.0,5669.0,848.0,0.29803421015642256,0.39863870002610385,0.10060448986968133,2.0347000504116957,0.5153475606340671,0.07867025149834761,1.1101125894500723,0.4156448256099836,0.0757290339141591,0.3354994064511417,-0.04712254111146763,0.3479496441802341,-0.033026223895607165,-0.013615219601185544,2.053210358283079,0.4021993614757006,0.06016317843206811,1.116193613535362,0.3380419764174277,0.09585956510974271,0.05842283819318015,0.047122541111467575,0.06574168660388113,0.06009409831780588,-0.0027440897383579563
8,2019-08-28,52617.0,35879.0,0.6818898834977288,16738.0,0.3181101165022711,67834.0,16810.0,2321.0,29053.0,7703.0,1150.0,0.31384149799494465,0.3708434517361309,0.05700195374118631,1.8906324033557234,0.46851918949803506,0.06468965132807492,1.061475302876272,0.38425453898555206,0.06268334949037334,0.31542620860182785,-0.03508367125016776,-0.1440676470559723,-0.046828371136032,-0.013980600170272695,1.735750985780858,0.460210299916358,0.06870593858286533,1.0064059816492967,0.3785804663859321,0.055436555269728474,0.06644851336200634,0.03508367125016776,-0.3174593725022212,0.058010938440657356,0.008542760150797225
9,2019-08-29,49034.0,35824.0,0.7305950972794387,13210.0,0.2694049027205612,72891.0,17641.0,2370.0,27170.0,4712.0,720.0,0.29680502100583267,0.4070357629400008,0.11023074193416812,2.0346974095578383,0.49243523894595803,0.06615676641357748,1.1101117192306231,0.4004091743522209,0.06406037535682328,0.3414851956770279,0.04870521378170989,0.14406500620211493,0.02391604944792297,0.0014671150855025683,2.056775170325511,0.3566994700984103,0.05450416351249054,1.1173604943504576,0.3050548899277938,0.1045678693374683,0.053070669257480385,-0.04870521378170989,0.3210241845446531,-0.10351082981794768,-0.014201775070374796
10,2019-08-30,49770.0,37201.0,0.7474583082178019,12569.0,0.2525416917821981,64556.0,19433.0,3427.0,26222.0,5195.0,602.0,0.32459171589310826,0.4179904781997187,0.09339876230661041,1.7353296954382946,0.5223784306873471,0.09212117953818445,1.0062519753869354,0.42027386893263835,0.08812184143903071,0.3492407131365573,0.016863210938363182,-0.29936771411954366,0.029943191741389097,0.02596441312460697,2.0862439334871508,0.4133184819794733,0.04789561619858382,1.126954796017046,0.3459404724871554,0.08929097551050677,0.046783978074209025,-0.016863210938363127,0.02946876316163971,0.056619011881063,-0.006608547313906719
11,2019-08-31,40372.0,31551.0,0.7815069850391361,8821.0,0.21849301496086396,51720.0,17026.0,4254.0,15910.0,3361.0,573.0,0.36043154909343106,0.4456536708609928,0.08522212176756168,1.6392507369021585,0.5396342429716966,0.13482932395169725,0.9704950650965545,0.43154488365302895,0.12648226425290204,0.36856158665496935,0.03404867682133417,-0.09607895853613613,0.01725581228434947,0.0427081444135128,1.8036503797755357,0.3810225598004761,0.0649586214714885,1.0309222751556915,0.322824210137663,0.08178468656313445,0.06293594532817348,-0.03404867682133414,-0.2825935537116151,-0.03229592217899718,0.017063005272904677
12,2019-09-01,38166.0,29697.0,0.7781009275271183,8469.0,0.22189907247288163,53720.0,15417.0,3054.0,15793.0,2681.0,314.0,0.35301453125818794,0.440566624744537,0.08755209348634911,1.8089369296561941,0.5191433478129104,0.10283867057278513,1.0328060949174522,0.4181465890181648,0.09788746536046214,0.36503652559718397,-0.003406057512017724,0.16968619275403563,-0.020490895158786215,-0.03199065337891212,1.864801039083717,0.31656630062581176,0.037076396268744836,1.0524989024092657,0.27502705996666577,0.08392938488984822,0.03640559699551838,0.0034060575120176684,0.06115065930818142,-0.06445625917466435,-0.02788222520274366
13,2019-09-02,49392.0,34225.0,0.6929259799157759,15167.0,0.3070740200842242,71411.0,17568.0,2400.0,28860.0,7661.0,1129.0,0.3389030713475867,0.3923717444120505,0.053468673064463894,2.0865157048940834,0.513308984660336,0.07012417823228634,1.127042851092257,0.4142986338242146,0.06777469616271879,0.3310085840259276,-0.08517494761134248,0.2775787752378893,-0.005834363152574351,-0.032714492340498794,1.9028153227401596,0.5051097778070812,0.07443792444122108,1.0656810670148302,0.4088658376052018,0.052088217763468704,0.07179766385524482,0.08517494761134256,0.03801428365644255,0.18854347718126946,0.03736152817247624
14,2019-09-03,53331.0,39401.0,0.738801072546924,13930.0,0.26119892745307605,86617.0,20585.0,2748.0,27489.0,5701.0,696.0,0.32738756820610904,0.4275616601976337,0.10017409199152463,2.1983452196644757,0.5224486688155123,0.06974442273038756,1.162633557198762,0.4203200049698466,0.06741976268155582,0.35596785614941545,0.045875092631148084,0.11182951477039227,0.009139684155176298,-0.00037975550189878193,1.9733668341708543,0.4092605886575736,0.04996410624551328,1.089694924958156,0.343065161634182,0.09546843272851085,0.04875597905704512,-0.04587509263114814,0.07055151143069471,-0.09584918914950763,-0.0244738181957078
15,2019-09-04,54208.0,41257.0,0.7610869244391971,12951.0,0.23891307556080282,69365.0,22371.0,3994.0,26186.0,5328.0,646.0,0.311220233175915,0.4026532725796931,0.09143303940377805,1.6812904476816055,0.5422352570472889,0.09680781443149042,0.9862981889628237,0.4332328296826291,0.09240397399577484,0.3383656377053284,0.022285851892273167,-0.5170547719828702,0.019786588231776592,0.027063391701102862,2.0219288085862095,0.41139680333564976,0.04988031812215273,1.1058953058583714,0.3445798546930169,0.08749154780929772,0.04867617493209882,-0.022285851892273223,0.04856197441535515,0.002136214678076176,-8.378812336054531e-05
16,2019-09-05,50670.0,39133.0,0.7723110321689363,11537.0,0.22768896783106374,73077.0,19745.0,3905.0,18089.0,3348.0,539.0,0.36290600355239794,0.4484041049930925,0.0854981014406947,1.8674009148289168,0.5045613676436767,0.09978790279303912,1.0534060148747297,0.4085014056503664,0.09511734557030728,0.37046233306239756,0.011224107729739141,0.18611046714731128,-0.03767388940361227,0.0029800883615486995,1.5679119355118314,0.29019675825604574,0.04671925110513998,0.9430930922147077,0.25479473252258705,0.08203896131643462,0.04566074989943974,-0.011224107729739086,-0.4540168730743781,-0.12120004507960402,-0.003161067017012749
17,2019-09-06,56681.0,44300.0,0.7815670154019866,12381.0,0.21843298459801344,87689.0,24784.0,3652.0,23090.0,4053.0,583.0,0.3424279758649283,0.4267929376687073,0.08436496180377903,1.9794356659142212,0.5594582392776524,0.08243792325056433,1.0917339087295324,0.44433847843058294,0.07921583352321744,0.35542922472073,0.009255983233050324,0.11203475108530436,0.05489687163397572,-0.01734997954247479,1.8649543655601324,0.32735643324448754,0.047088280429690654,1.0525524217885842,0.2831893200704417,0.0809945269840415,0.04601324584074649,-0.009255983233050297,0.297042430048301,0.037159674988441804,0.00036902932455067095
18,2019-09-07,35939.0,26243.0,0.7302095216895295,9696.0,0.26979047831047054,44845.0,11767.0,2066.0,20480.0,3796.0,688.0,0.3024165920031164,0.4000816939814686,0.09766510197835221,1.708836642152193,0.44838623632968794,0.07872575543954578,0.9965192593844644,0.3704499961920691,0.07578048848349354,0.3365305877626581,-0.051357493712457125,-0.27059902376202816,-0.11107200294796443,-0.0037121678110185463,2.112211221122112,0.3915016501650165,0.07095709570957096,1.1353334771240884,0.33038348787244515,0.09318528925746009,0.06855273063477554,0.0513574937124571,0.24725685556197963,0.06414521692052894,0.0238688152798803
19,2019-09-08,37459.0,27595.0,0.7366720948236739,9864.0,0.2633279051763261,49333.0,13678.0,1543.0,20464.0,4501.0,493.0,0.3290163084972903,0.4320520008542673,0.10303569235697695,1.7877514042398985,0.49566950534517124,0.05591592679833303,1.025235322581223,0.402573936259196,0.05440856734033952,0.35910838132485406,0.006462573134144445,0.07891476208770554,0.0472832690154833,-0.022809828641212754,2.074614760746148,0.4563057583130576,0.04997972424979724,1.1231796123519906,0.3759029265692097,0.09806609909230718,0.04877085374469861,-0.006462573134144445,-0.0375964603759642,0.0648041081480411,-0.020977371459773714
20,2019-09-09,47713.0,37246.0,0.7806258252467881,10467.0,0.21937417475321191,65887.0,19241.0,2865.0,19644.0,3994.0,452.0,0.3571004527068094,0.4441734537757005,0.08707300106889107,1.768968479836761,0.5165923857595447,0.07692101165225797,1.0184748608942633,0.416465966673087,0.07410605440040825,0.36753715360004663,0.043953730423114235,-0.018782924403137446,0.020922880414373457,0.021005084853924938,1.8767555173402122,0.3815802044520875,0.04318333811025127,1.0566631026270263,0.32322791975990833,0.08348876418110282,0.04227694015918244,-0.04395373042311418,-0.19785924340593564,-0.07472555386097007,-0.0067963861395459735
21,2019-09-10,47521.0,35673.0,0.7506786473348624,11848.0,0.24932135266513752,56022.0,16197.0,2123.0,20699.0,4364.0,589.0,0.34105964520948634,0.43743029397529515,0.09637064876580878,1.5704314187200403,0.4540408712471617,0.05951279679309281,0.9440737520252469,0.37434648823975736,0.05780917679682802,0.36285700136601395,-0.029947177911925693,-0.19853706111672076,-0.062551514512383,-0.017408214859165154,1.7470459149223498,0.3683322079675895,0.049713031735313974,1.0105261215429258,0.31359263180056446,0.09200531453526363,0.04851682370610631,0.02994717791192561,-0.12970960241786234,-0.013247996484498037,0.006529693625062706
22,2019-09-11,52344.0,41496.0,0.7927556166895919,10848.0,0.20724438331040806,73836.0,23109.0,3288.0,19679.0,3859.0,576.0,0.33081043099495644,0.41371267002903866,0.08290223903408224,1.7793522267206479,0.556897050318103,0.07923655292076345,1.0222178885800486,0.44269477012508457,0.07625389572399864,0.34621934316874653,0.04207696935472949,0.20892080800060753,0.1028561790709413,0.01972375612767064,1.8140671091445428,0.35573377581120946,0.05309734513274336,1.034630806717903,0.3043428397201369,0.07964469527780155,0.051735674399188816,-0.04207696935472946,0.06702119422219299,-0.012598432156380013,0.003384313397429388
23,2019-09-12,51792.0,38817.0,0.7494786839666358,12975.0,0.25052131603336425,75753.0,20102.0,3605.0,26588.0,5074.0,770.0,0.32957156124497994,0.42722503668520234,0.09765347544022243,1.9515418502202644,0.51786588350465,0.09287167993404952,1.0823276949036091,0.41730532428282685,0.08880880059509914,0.355732025210201,-0.043276932722956185,0.17218962349961653,-0.03903116681345298,0.013635127013286064,2.0491714836223505,0.3910597302504817,0.05934489402697495,1.1148699090032284,0.33006585253015897,0.09317469713816635,0.0576506925652567,0.043276932722956185,0.23510437447780763,0.03532595443927222,0.00624754889423159
24,2019-09-13,54971.0,44226.0,0.8045332993760347,10745.0,0.19546670062396537,61728.0,27265.0,4739.0,18375.0,3741.0,494.0,0.4152603554601518,0.4887104709756053,0.0734501155154536,1.395740062406729,0.6164925609370053,0.10715416270971827,0.8736921862238355,0.4802587162160684,0.10179290573755105,0.39791028951327523,0.05505461540939893,-0.5558017878135353,0.09862667743235531,0.01428248277566875,1.710097719869707,0.3481619357840856,0.045974872033503957,0.9969846932340114,0.29874213567866054,0.07087786824482753,0.044949342441656256,-0.05505461540939888,-0.33907376375264353,-0.04289779446639608,-0.013370021993470996
25,2019-09-14,36258.0,27827.0,0.767472006177947,8431.0,0.23252799382205305,45613.0,13362.0,1732.0,15298.0,2880.0,396.0,0.3374879695515472,0.4290157896188428,0.09152782006729547,1.639163402450857,0.4801811190570309,0.062241707693966294,0.9704619739259854,0.3921644580297159,0.060381493622197656,0.3569859483050504,-0.03706129319808771,0.2434233400441279,-0.1363114418799744,-0.04491245501575197,1.8144941288103429,0.34159648914719487,0.0469695172577393,1.034782539869082,0.29386031460870543,0.08757838460544617,0.045899817097557215,0.03706129319808768,0.10439640894063595,-0.006565446636890737,0.000994645224235341
26,2019-09-15,33490.0,24972.0,0.7456554195282173,8518.0,0.2543445804717826,42447.0,10603.0,1705.0,15424.0,3286.0,547.0,0.3249121260077635,0.41505263063601083,0.09014050462824723,1.6997837578087458,0.4245955470126542,0.06827646964600352,0.9931716801024676,0.3538879467764184,0.06604657374753878,0.34716672519925906,-0.02181658664972963,0.06062035535788879,-0.05558557204437675,0.006034761952037226,1.8107536980511858,0.3857713078187368,0.06421695233622916,1.0334526673281563,0.32625688557967125,0.08630659126239933,0.06223927270579263,0.021816586649729547,-0.0037404307591570873,0.04417481867154194,0.017247435078489866
27,2019-09-16,51764.0,38704.0,0.7477011050150684,13060.0,0.25229889498493163,68199.0,20723.0,2908.0,22461.0,5899.0,747.0,0.3267872845993355,0.42693109496947684,0.10014381037014142,1.7620659363373294,0.5354226953286482,0.07513435303844564,1.0159789273804036,0.4288057146809822,0.07244563334097735,0.35552605069219567,0.0020456854868510232,0.06228217852858364,0.110827148315994,0.006857883392442116,1.7198315467075038,0.4516845329249617,0.05719754977029096,1.0005699470325449,0.3727246289716163,0.09544090795915582,0.0556215860857303,-0.0020456854868509677,-0.09092215134368198,0.06591322510622488,-0.0070194025659382
28,2019-09-17,52352.0,40379.0,0.7712981356968215,11973.0,0.2287018643031785,85711.0,21631.0,2907.0,22560.0,4563.0,533.0,0.3362839108343521,0.4312592317389976,0.09497532090464549,2.1226627702518637,0.5356992496099457,0.07199286757968251,1.138686089842112,0.4289858145187636,0.0695194092493146,0.3585546384229279,0.023597030681753117,0.36059683391453423,0.00027655428129758075,-0.003141485458763124,1.884239538962666,0.3811074918566775,0.04451682953311618,1.059261273866328,0.3228857076447606,0.09073182502785478,0.043554414410399644,-0.023597030681753145,0.16440799225516223,-0.07057704106828416,-0.012680720237174786
29,2019-09-18,53137.0,40609.0,0.764232079342078,12528.0,0.235767920657922,80739.0,20577.0,3447.0,27353.0,4985.0,654.0,0.32931063289233486,0.4195096956922672,0.09019906279993226,1.988204585190475,0.5067103351473812,0.08488266147898249,1.0946727338659288,0.4099286882609155,0.08147183504189122,0.3503115272649183,-0.007066056354743444,-0.13445818506138862,-0.028988914462564574,0.012889793899299978,2.1833492975734354,0.3979086845466156,0.05220306513409962,1.1579338807564892,0.3349773230420801,0.0863603059888336,0.05088612338208087,0.0070660563547435,0.2991097586107694,0.01680119268993807,0.007686235600983443
30,2019-09-19,61754.0,38611.0,0.6252388509246365,23143.0,0.37476114907536356,73670.0,18724.0,4770.0,58795.0,14708.0,2482.0,0.20493423421964568,0.34946704343038504,0.14453280921073938,1.9080054906632824,0.4849395250058274,0.12353992385589599,1.0674674477930401,0.3953740475236226,0.11648434726412855,0.2997097318589953,-0.13899322841744155,-0.08019909452719265,-0.021770810141553798,0.0386572623769135,2.540509009203647,0.635526941191721,0.10724625156634836,1.264270504719827,0.49196504061618884,0.13499652685039695,0.10187607846104721,0.13899322841744158,0.35715971163021143,0.23761825664510544,0.05504318643224874
31,2019-09-20,49652.0,35928.0,0.7235962297591235,13724.0,0.2764037702408765,67182.0,17809.0,2286.0,30791.0,6709.0,800.0,0.2922283795214694,0.397911910899863,0.10568353137839362,1.8699064796259186,0.4956858160765976,0.06362725450901803,1.0542794437444152,0.4025848415042598,0.06168500483184681,0.3349796310251121,0.09835737883448703,-0.038099011037363795,0.010746291070770242,-0.05991266934687796,2.243587875255028,0.4888516467502186,0.05829204313611192,1.1766800860294313,0.3980051159310877,0.10046372416063719,0.05665632855588607,-0.09835737883448709,-0.2969211339486191,-0.14667529444150246,-0.048954208430236436
32,2019-09-21,33134.0,24644.0,0.7437677310315688,8490.0,0.2562322689684312,43547.0,10361.0,1332.0,19296.0,3098.0,421.0,0.3243578167441299,0.42399084324259073,0.09963302649846079,1.767042687875345,0.42042687875344914,0.05404966726180815,1.0177791281795865,0.35095744527683664,0.052639571648220564,0.3534633826619401,0.02017150127244527,-0.1028637917505737,-0.07525893732314848,-0.009577587247209883,2.272791519434629,0.36489988221436986,0.04958775029446408,1.185643296403414,0.311081079583848,0.09497651186924379,0.04839746830732683,-0.02017150127244527,0.029203644179601085,-0.12395176453584872,-0.008704292841647844
33,2019-09-22,34092.0,26158.0,0.7672767804763581,7934.0,0.23272321952364192,47165.0,11971.0,1401.0,12633.0,2346.0,357.0,0.35498438929954235,0.44051180042238647,0.08552741112284408,1.80308127532686,0.4576420215612814,0.05355914060708005,1.0307192675977634,0.37682007638989007,0.05217408994995314,0.3649984674022537,0.023509049444789265,0.036038587451515,0.03721514280783228,-0.0004905266547280962,1.5922611545248297,0.2956894378623645,0.04499621880514242,0.9525305274751841,0.25904293793488065,0.08206596208817273,0.044013267041943256,-0.023509049444789293,-0.6805303649097991,-0.06921044435200535,-0.0045915314893216555
34,2019-09-23,54369.0,40846.0,0.7512737037650131,13523.0,0.24872629623498685,79284.0,23341.0,3698.0,28246.0,6432.0,958.0,0.3351716216961871,0.43021218709190906,0.09504056539572184,1.9410468589335552,0.5714390638006169,0.09053518092346864,1.0787655924383175,0.4519918006847954,0.0866685674169883,0.3578228158459641,-0.016003076711344932,0.1379655836066953,0.11379704223933551,0.03697604031638859,2.0887377061302965,0.4756341048583894,0.0708422687273534,1.1277624981040355,0.38908779900947443,0.09079140860576743,0.06844550585524278,0.016003076711344932,0.4964765516054668,0.1799446669960249,0.025846049922210977
35,2019-09-24,54415.0,38009.0,0.6985022512174952,16406.0,0.30149774878250485,76531.0,18021.0,4560.0,36335.0,6011.0,1157.0,0.2699366865753928,0.3875099053569789,0.11757321878158596,2.013496803388671,0.47412454944881477,0.11997158567707648,1.103101133176726,0.38806428778820795,0.11330331505399932,0.3275107056089908,-0.052771452547517916,0.07244994445511588,-0.09731451435180216,0.029436404753607842,2.2147385103011095,0.36639034499573325,0.0705229793977813,1.1677460201052887,0.3121724780112008,0.11115956552172777,0.06814729485904039,0.052771452547518,0.12600080417081294,-0.10924375986265616,-0.0003192893295721061
36,2019-09-25,53928.0,36748.0,0.6814270879691441,17180.0,0.31857291203085597,73831.0,17737.0,2679.0,38954.0,7269.0,834.0,0.252856836893636,0.3787715657914256,0.12591472889778965,2.0091161423750954,0.48266572330466967,0.07290192663546316,1.1016463952330535,0.39384163201962946,0.07036705838591842,0.32119293301641194,-0.017075163248351122,-0.004380661013575704,0.0085411738558549,-0.047069659041613324,2.2674039580908034,0.4231082654249127,0.04854481955762514,1.183995772998043,0.35284339873285125,0.11859579762946097,0.04740331680544177,0.017075163248351122,0.05266544778969395,0.05671792042917945,-0.02197815984015615
37,2019-09-26,47726.0,33145.0,0.6944851862716339,14581.0,0.3055148137283661,66141.0,14924.0,3879.0,33343.0,5634.0,807.0,0.24898558437748813,0.36888201609185767,0.1198964317143695,1.9955046009956252,0.4502639915522703,0.11703122642932569,1.0971126985098252,0.37174560300049775,0.11067447531791119,0.31399436004443354,0.013058098302489829,-0.013611541379470182,-0.032401731752399354,0.04412929979386253,2.2867430217406213,0.38639325149166726,0.05534599821685755,1.1898971114435044,0.32670559175858593,0.11323620934763479,0.05386867355590044,-0.013058098302489884,0.019339063649817856,-0.036715013933245444,0.00680117865923241
38,2019-09-27,72345.0,59220.0,0.818577648766328,13125.0,0.18142235123367198,138925.0,41886.0,10092.0,24593.0,4694.0,616.0,0.3332223733499205,0.4034280917824314,0.07020571843251089,2.3459135427220534,0.7072948328267478,0.17041540020263424,1.2077397632355975,0.5349101487730152,0.1573587287050802,0.3389178805820106,0.12409246249469408,0.3504089417264282,0.25703084127447745,0.05338417377330855,1.873752380952381,0.35763809523809525,0.046933333333333334,1.055618625612486,0.30574649526759023,0.06785089021148769,0.045865255871949874,-0.1240924624946941,-0.4129906407882402,-0.028755156253572,-0.00841266488352422
39,2019-09-28,49287.0,24688.0,0.5009028749974639,24599.0,0.49909712500253617,43517.0,10475.0,1371.0,71256.0,18607.0,4153.0,-0.048710292774971055,0.29124820338020163,0.33995849615517276,1.7626782242384964,0.4242952041477641,0.05553305249513934,1.0162005803242784,0.3536770977883479,0.05404590235421393,0.25560935007045416,-0.3176747737688641,-0.583235318483557,-0.28299962867898365,-0.11488234770749489,2.8967031180129275,0.7564128623114761,0.16882800113825766,1.36013084126645,0.5632735827892219,0.29263864046461835,0.15600153833564034,0.3176747737688642,1.0229507370605464,0.39877476707338083,0.12189466780492433
40,2019-09-29,33860.0,24681.0,0.7289131718842292,9179.0,0.27108682811577084,43218.0,11392.0,2013.0,22251.0,3570.0,429.0,0.30206851447135263,0.4037510070880095,0.10168249261665682,1.751063571168105,0.4615696284591386,0.08156071471982497,1.0119875900607955,0.3795109462127349,0.07840510419705679,0.33914794449715757,0.22801029688676533,-0.011614653070391334,0.03727442431137451,0.02602766222468563,2.4241202745397104,0.3889312561281185,0.04673711733304282,1.2308445845725224,0.32853457091903127,0.09683854999377081,0.0456778185407285,-0.22801029688676533,-0.4725828434732171,-0.36748160618335757,-0.12209088380521485
41,2019-09-30,45622.0,33093.0,0.7253737232037175,12529.0,0.2746262767962825,63489.0,16132.0,3215.0,26523.0,4553.0,594.0,0.2921574525448249,0.38708701722853,0.09492956468370523,1.9185024023207324,0.4874746925331641,0.09715045477895627,1.0710706087967932,0.3970798448698349,0.09271632300902646,0.32720587709261706,-0.003539448680511703,0.16743883115262737,0.025905064074025486,0.015589740059131302,2.1169287253571714,0.3633969191475776,0.04741000877963126,1.1368481341000094,0.30997932026053987,0.09069003670978851,0.046320458650733976,0.0035394486805116476,-0.307191549182539,-0.025534336980540917,0.0006728914465884417
42,2019-10-01,51644.0,36305.0,0.702985826039811,15339.0,0.297014173960189,65689.0,18706.0,2898.0,32876.0,7120.0,843.0,0.29511270041050264,0.4038504840833398,0.10873778367283711,1.8093651012257266,0.5152458339071753,0.07982371574163338,1.0329585151924776,0.4155776924029271,0.07679780164813378,0.3392188071147226,-0.022387897163906545,-0.10913730109500586,0.027771141374011155,-0.01732673903732289,2.143294869287437,0.4641762826781407,0.054957950322706825,1.145271571196376,0.3812928199556138,0.10322223647302645,0.05350090861967603,0.02238789716390649,0.026366143930265817,0.1007793635305631,0.007547941543075566
43,2019-10-02,43864.0,32775.0,0.7471958781688857,11089.0,0.25280412183111434,65568.0,16202.0,2165.0,19519.0,3716.0,430.0,0.31128276035017327,0.4092635578150647,0.0979807974648915,2.000549199084668,0.4943401983218917,0.06605644546147979,1.0987953382750641,0.401684770508844,0.06396627505614697,0.3430672685222814,0.044210052129074695,0.19118409785894164,-0.020905635585283577,-0.013767270280153593,1.7602128235188024,0.3351068626566868,0.0387771665614573,1.0153077867268183,0.2890113355824758,0.0934728542867709,0.038044219973290536,-0.04421005212907464,-0.3830820457686348,-0.12906942002145388,-0.016180783761249526
44,2019-10-03,49910.0,38105.0,0.7634742536565818,11805.0,0.23652574634341816,82646.0,20437.0,2883.0,19250.0,3977.0,545.0,0.3309977158885995,0.4148726066920457,0.08387489080344619,2.168901718934523,0.5363338144600446,0.07565936228841359,1.1533850669538082,0.4293989382357872,0.0729338338193907,0.3470394964358745,0.016278375487696173,0.16835251984985478,0.04199361613815289,0.009602916826933802,1.6306649724692928,0.33689114781872087,0.04616687844133842,0.9672366554737901,0.290346879561367,0.08054248196873673,0.04513289253650996,-0.016278375487696173,-0.1295478510495096,0.0017842851620340494,0.0073897118798811195
45,2019-10-04,43794.0,33125.0,0.7563821528063205,10669.0,0.2436178471936795,55956.0,16450.0,5438.0,16251.0,3188.0,396.0,0.3393979883089008,0.4282732406265699,0.08887525231766909,1.6892377358490567,0.49660377358490565,0.16416603773584906,0.9892577838841626,0.4031983900994734,0.1520049832395065,0.35646619058986706,-0.007092100850261351,-0.4796639830854663,-0.03973004087513893,0.08850667544743547,1.5231980504264693,0.29880963539225797,0.037116880682350736,0.9255271645672029,0.26144817990725383,0.08514528488015619,0.03644463329368877,0.007092100850261324,-0.10746692204282349,-0.038081512426462905,-0.009049997758987682
46,2019-10-05,42478.0,33865.0,0.7972362163943688,8613.0,0.20276378360563116,53853.0,20270.0,5957.0,14976.0,3000.0,381.0,0.43450971090917645,0.5149220514148499,0.08041234050567353,1.5902258969437473,0.5985530783995275,0.1759043260002953,0.9517450908052992,0.4690988940959946,0.16203749072497595,0.4153639864263533,0.04085406358804833,-0.0990118389053094,0.10194930481462189,0.011738288264446228,1.7387669801462904,0.34831069313827934,0.04423545802856148,1.0075078118704521,0.29885247045658414,0.0773427650348022,0.04328499854147906,-0.04085406358804833,0.2155689297198211,0.04950105774602137,0.0071185773462107416
47,2019-10-06,40419.0,26143.0,0.6467997723842748,14276.0,0.3532002276157253,49429.0,12572.0,1080.0,37639.0,8420.0,802.0,0.18260865187164452,0.36830774140874334,0.18569908953709885,1.8907164441724362,0.48089354702979764,0.04131124966530238,1.0615043759590197,0.39264565358663517,0.04048073597687181,0.31357475107142263,-0.15043644401009404,0.30049054722868895,-0.1176595313697299,-0.1345930763349929,2.6365228355281594,0.5898010647240123,0.056178201176800224,1.2910279601275034,0.4636088918786363,0.17033254961206346,0.05465692216159621,0.15043644401009412,0.897755855381869,0.24149037158573294,0.011942743148238746
48,2019-10-07,45589.0,31841.0,0.6984360262343986,13748.0,0.30156397376560135,57271.0,14818.0,1644.0,30178.0,6115.0,655.0,0.2796251288688061,0.3885275285704885,0.1089023997016824,1.798655821111146,0.4653748311924877,0.05163154423541974,1.029139238024721,0.3821110672123652,0.050342809843845975,0.3282438536902481,0.051636253850123826,-0.09206062306129015,-0.01551871583730996,0.010320294570117364,2.1950829211521676,0.44479196974105323,0.047643293569973814,1.1616130409049732,0.36796534562323124,0.10337069701264127,0.04654315922932554,-0.05163625385012394,-0.4414399143759917,-0.14500909498295905,-0.00853490760682641
49,2019-10-08,40954.0,30545.0,0.7458367924989012,10409.0,0.2541632075010988,58355.0,13506.0,1756.0,18862.0,3661.0,555.0,0.32420221223812085,0.411170764760463,0.08696855252234215,1.9104599770829922,0.442167294156163,0.057488950728433456,1.0683111364181286,0.36614704749837956,0.055897183399959326,0.3444196894744939,0.047400766264502625,0.11180415597184612,-0.023207537036324666,0.005857406493013716,1.8120856950715727,0.351714862138534,0.05331924296282064,1.0339264482605914,0.3013740545929664,0.08339267719835243,0.051946361907208034,-0.04740076626450257,-0.38299722608059494,-0.09307710760251925,0.005675949392846824
50,2019-10-09,53201.0,40741.0,0.7657938760549614,12460.0,0.23420612394503862,86405.0,22195.0,4240.0,29322.0,4947.0,784.0,0.3286655589180654,0.4127302343940903,0.08406467547602489,2.1208365037677033,0.544782896836111,0.10407206499595002,1.1381010760682353,0.43488338062869275,0.09900522198894841,0.3455241685568866,0.019957083556060184,0.21037652668471107,0.10261560267994801,0.046583114267516566,2.353290529695024,0.39703049759229536,0.06292134831460675,1.2099421114175506,0.3343489108112651,0.08071756496091552,0.061021106325692756,-0.019957083556060157,0.5412048346234515,0.04531563545376138,0.009602105351786107
51,2019-10-10,43684.0,32146.0,0.7358758355461954,11538.0,0.2641241644538046,62012.0,14183.0,1968.0,23891.0,4128.0,664.0,0.3008341795623111,0.3994383160882703,0.09860413652595916,1.929073601692279,0.44120574877123125,0.0612206806445592,1.0746861961376895,0.3654800887620243,0.059419831071731946,0.3360709533237465,-0.02991804050876601,-0.19176290207542435,-0.10357714806487978,-0.042851384351390825,2.0706361587796844,0.3577743109724389,0.05754896862541168,1.1218847579759994,0.3058468231103491,0.09404040718960126,0.055953936894963016,0.02991804050876598,-0.28265437091533974,-0.03925618661985647,-0.005372379689195066
52,2019-10-11,52631.0,37722.0,0.7167258839847238,14909.0,0.2832741160152762,74828.0,21000.0,2549.0,35247.0,6723.0,873.0,0.2862819194011134,0.40153858182440005,0.11525666242328667,1.9836700068925295,0.5567043104819469,0.06757329940088012,1.0931540887237623,0.44257096504275845,0.06538812830749066,0.337570620194487,-0.01914995156147159,0.05459640520025055,0.11549856171071565,0.006352618756320927,2.3641424642833186,0.45093567643705146,0.05855523509289691,1.2131730908820293,0.3722086424142915,0.10908456893646917,0.05690499265258119,0.01914995156147159,0.2935063055036342,0.09316136546461257,0.0010062664674852298
53,2019-10-12,35012.0,25279.0,0.7220095967096996,9733.0,0.27799040329030045,43252.0,11680.0,1590.0,21814.0,4090.0,483.0,0.3142402833314293,0.41372542556837655,0.09948514223694734,1.7109854029035958,0.4620435934965782,0.06289805767633214,0.9973121861064574,0.3798351785961654,0.06099919417435017,0.34622836585211336,0.005283712724975742,-0.2726846039889337,-0.09466071698536871,-0.004675241724547988,2.2412411383951505,0.4202198705435118,0.04962498715709442,1.1759563238585617,0.35081169803786366,0.09484201772169062,0.048432945285881615,-0.005283712724975742,-0.12290132588816816,-0.03071580589353967,-0.008930247935802486
54,2019-10-13,34017.0,26058.0,0.766028750330717,7959.0,0.233971249669283,46298.0,12688.0,1277.0,16782.0,2905.0,351.0,0.3476615280594997,0.4476636387688509,0.1000021107093512,1.7767288356742652,0.4869138076598358,0.04900606339703738,1.0212735570586489,0.39670270188401435,0.04784310956622277,0.36995097331125093,0.04401915362101749,0.06574343277066941,0.024870214163257576,-0.013891994279294759,2.1085563513004146,0.3649956024626209,0.044101017715793445,1.1341584226956156,0.311151206992628,0.09531209862916681,0.043156245043644535,-0.04401915362101744,-0.13268478709473586,-0.05522426808089087,-0.0055239694413009785
55,2019-10-14,40989.0,30786.0,0.7510795579301763,10203.0,0.2489204420698236,56987.0,14964.0,1793.0,17071.0,3202.0,471.0,0.3459778891897826,0.4330840591378175,0.08710616994803484,1.851068667576171,0.4860650945234847,0.05824075878646138,1.0476938950758314,0.3961317505336476,0.056607867837853265,0.35982880667749206,-0.014949192400540712,0.07433983190190574,-0.000848713136351098,0.009234695389424001,1.673135352347349,0.31382926590218563,0.04616289326668627,0.9832520727424741,0.27294597699475454,0.08351927581472392,0.045129083218585,0.0149491924005406,-0.43542099895306574,-0.05116633656043529,0.002061875550892822
56,2019-10-15,45786.0,34057.0,0.7438299917005198,11729.0,0.25617000829948017,61810.0,17374.0,2551.0,21849.0,5011.0,602.0,0.3392542414711921,0.4323660420215787,0.09311180055038659,1.814898552426814,0.5101447573186129,0.0749038376838829,1.0349262227279858,0.4122055120059191,0.07223120426112128,0.35932765181112314,-0.007249566229656557,-0.036170115149356974,0.024079662795128187,0.016663078897421517,1.8628186546167618,0.42723164805183733,0.05132577372325006,1.0518066830748383,0.35573665752196126,0.08902849174962665,0.05005200934902539,0.007249566229656557,0.18968330226941288,0.1134023821496517,0.005162880456563795
57,2019-10-16,48222.0,33138.0,0.6871967151922359,15084.0,0.3128032848077641,62009.0,15704.0,2172.0,29670.0,7568.0,1407.0,0.2728513914810667,0.3892143378540915,0.11636294637302476,1.8712354396765043,0.47389703663467925,0.06554408835777657,1.0547424039335214,0.3879099382979185,0.06348554979318954,0.32873836277757595,-0.05663327650828387,0.056336887249690326,-0.036247720683933615,-0.009359749326106323,1.9669848846459825,0.5017236807212941,0.09327764518695306,1.0875462468049706,0.4066135688554479,0.11007603185066876,0.0891801981505223,0.056633276508283925,0.10416623002922076,0.07449203266945681,0.041951871463702994
58,2019-10-17,48819.0,35363.0,0.7243696101927528,13456.0,0.2756303898072472,65289.0,18719.0,3908.0,25161.0,5635.0,850.0,0.3035683627276265,0.40411895778283047,0.10055059505520393,1.8462517320363092,0.5293385742159885,0.11051098605887509,1.0460029469283665,0.42483533749984836,0.10482025719749005,0.33941002977997375,0.0371728950005169,-0.024983707640195085,0.055441537581309264,0.04496689770109852,1.869872175980975,0.41877229488703926,0.06316884661117717,1.0542674907939613,0.34979191658193,0.09581059553476157,0.061253926455599836,-0.0371728950005169,-0.09711270866500743,-0.08295138583425488,-0.03010879857577589
59,2019-10-18,46428.0,34665.0,0.7466399586456449,11763.0,0.25336004135435514,60327.0,18388.0,3197.0,22920.0,4203.0,617.0,0.33703604936676146,0.43673047083656413,0.09969442146980272,1.7402855906533967,0.5304485792586182,0.09222558776864272,1.0080621451338658,0.42556088149075166,0.08821743819326447,0.3623700257165452,0.022270348452892108,-0.1059661413829125,0.0011100050426297026,-0.018285398290232374,1.9484825299668451,0.35730680948737564,0.052452605627816035,1.08129064138299,0.30550244924530284,0.09503234254731274,0.05112325527814577,-0.022270348452892053,0.07861035398587002,-0.06146548539966362,-0.01071624098336113
60,2019-10-19,39900.0,28258.0,0.7082205513784461,11642.0,0.29177944862155386,60427.0,14937.0,1317.0,26520.0,5430.0,748.0,0.3016415012531328,0.4152196591478697,0.11357815789473684,2.1384032840257627,0.5285936725882936,0.04660627079057258,1.1437141623139337,0.4243481444672314,0.0455528065208344,0.3472847551942215,-0.038419407267198835,0.398117693372366,-0.0018549066703246186,-0.04561931697807014,2.277959113554372,0.46641470537708296,0.06425012884384126,1.1872210072586062,0.38282044570985374,0.1075783964461943,0.06227044679150731,0.038419407267198724,0.32947658358752707,0.10910789588970732,0.01179752321602523
61,2019-10-20,34779.0,26154.0,0.7520055205727594,8625.0,0.24799447942724057,53813.0,12897.0,1726.0,17295.0,3110.0,333.0,0.35527204059921214,0.4539927916271313,0.09872075102791913,2.05754377915424,0.49311768754301444,0.0659937294486503,1.1176119070880424,0.40086634166812246,0.06390744340801259,0.3743134214835856,0.043784969194313295,-0.0808595048715226,-0.03547598504527916,0.01938745865807772,2.0052173913043476,0.3605797101449275,0.03860869565217391,1.1003499085666504,0.30791086638556336,0.09414654943805072,0.037882024867684876,-0.043784969194313295,-0.2727417222500246,-0.10583499523215545,-0.025641433191667354
62,2019-10-21,41000.0,30492.0,0.7437073170731707,10508.0,0.2562926829268293,57466.0,15173.0,1967.0,18520.0,3789.0,553.0,0.3320847243902439,0.4276410634146342,0.09555633902439024,1.8846254755345664,0.49760592942411125,0.0645087235996327,1.059395073694026,0.4038677860176149,0.06251340033860975,0.3560234761699235,-0.008298203499588652,-0.17291830361967375,0.0044882418810968105,-0.0014850058490176038,1.7624666920441567,0.3605824133993148,0.05262657023220404,1.016124009592597,0.30791285322373363,0.09126230641189373,0.051288536096823725,0.008298203499588708,-0.24275069926019088,2.703254387281806e-06,0.014017874580030128
63,2019-10-22,43049.0,32231.0,0.7487049641106646,10818.0,0.2512950358893354,56986.0,15129.0,2762.0,17710.0,3353.0,425.0,0.326697140467839,0.41964906501893195,0.09295192455109294,1.768049393441097,0.46939282057646364,0.0856938971797338,1.018142882047476,0.38484926823624666,0.08221931914724301,0.3504097037591005,0.004997647037493835,-0.11657608209346937,-0.028213108847647606,0.021185173580101108,1.6370863375855056,0.3099463856535404,0.03928637456091699,0.9696746476715494,0.26998620939349816,0.08888222336985079,0.03853429931838734,-0.004997647037493891,-0.12538035445865114,-0.050636027745774415,-0.013340195671287046
64,2019-10-23,51869.0,36789.0,0.7092675779367252,15080.0,0.29073242206327476,75947.0,18290.0,2220.0,30626.0,5312.0,1114.0,0.27540024099172916,0.38779925774547414,0.112399016753745,2.064394248280736,0.4971594770175868,0.06034412460246269,1.1198499147108285,0.4035696308373317,0.05859350128929383,0.3277192246405932,-0.039437386173939326,0.296344854839639,0.02776665644112314,-0.025349772577271112,2.0309018567639257,0.3522546419098143,0.07387267904509284,1.1088602177308826,0.3017733044940043,0.10651895948097231,0.07127144068411259,0.03943738617393938,0.39381551917842006,0.042308256256273935,0.03458630448417585
65,2019-10-24,50186.0,35657.0,0.7104969513410114,14529.0,0.28950304865898857,73544.0,18632.0,3644.0,32371.0,6361.0,1189.0,0.2814968517116327,0.3915222432550911,0.11002539154345833,2.062540314664722,0.5225341447682083,0.10219592225930392,1.1192447397563552,0.4203761471275869,0.09730448282243324,0.3303982869477414,0.0012293734042861937,-0.0018539336160139364,0.02537466775062147,0.04185179765684123,2.228026705210269,0.43781402711817746,0.08183632734530938,1.1718710233630318,0.36312392347927264,0.10438289032698478,0.0786599003547814,-0.0012293734042861937,0.19712484844634348,0.08555938520836315,0.007963648300216536
66,2019-10-25,55773.0,39983.0,0.7168880999766912,15790.0,0.28311190002330877,86345.0,20865.0,2743.0,35839.0,6676.0,918.0,0.28751905402255573,0.39793455256127513,0.11041549853871946,2.159542805692419,0.5218467848835755,0.06860415676662582,1.1504273353885024,0.4199245874100642,0.0663532704522031,0.33499582766660047,0.0063911486356798,0.09700249102769698,-0.0006873598846327544,-0.0335917654926781,2.269727675744142,0.4227992400253325,0.058138062064597845,1.184706701852277,0.35262622695182677,0.10473426829071922,0.05651081836737818,-0.0063911486356798,0.041700970533872894,-0.015014787092844983,-0.023698265280711533
67,2019-10-26,60626.0,44527.0,0.7344538646785208,16099.0,0.26554613532147925,106325.0,25613.0,2984.0,46715.0,6997.0,833.0,0.3250927390888398,0.4243179840332531,0.0992252449444133,2.387877018438251,0.5752240213802862,0.06701551867406293,1.2202034769687138,0.4543974979600516,0.06486551642571807,0.35369309145543054,0.017565764701829578,0.22833421274583188,0.05337723649671067,-0.0015886380925628912,2.9017330268960806,0.4346232685259954,0.05174234424498416,1.3614208203051157,0.3609022841004767,0.09460560887470494,0.05044816439851999,-0.017565764701829523,0.6320053511519386,0.011824028500662942,-0.006395717819613685
68,2019-10-27,46304.0,29891.0,0.6455381824464409,16413.0,0.3544618175535591,67645.0,14898.0,1600.0,39363.0,10303.0,580.0,0.1834793603144437,0.3469450479440221,0.16346568762957844,2.2630557692951054,0.4984108929109096,0.053527817737780606,1.1826641088825665,0.4044051418162653,0.052144358980210574,0.2978391007118815,-0.0889156822320799,-0.12482124914314552,-0.07681312846937655,-0.01348770093628232,2.3982818497532445,0.6277341132029489,0.03533784195454823,1.2232699655878119,0.487188933113591,0.15140321267608514,0.03472779080216988,0.08891568223207985,-0.503451177142836,0.1931108446769535,-0.016404502290435934
69,2019-10-28,53303.0,36599.0,0.6866217661294861,16704.0,0.31337823387051383,67035.0,18837.0,2648.0,36321.0,9197.0,951.0,0.2534904864641765,0.39040942348460683,0.13691893702043037,1.831607420967786,0.5146861936118473,0.07235170359845898,1.0408445436828575,0.41520828457687076,0.0698540905565532,0.329598253040982,0.04108358368304521,-0.4314483483273195,0.01627530070093769,0.018823885860678374,2.174389367816092,0.5505866858237548,0.05693247126436782,1.1551152887505178,0.43863336629852556,0.12832191673021107,0.05537081768012152,-0.041083583683045266,-0.2238924819371526,-0.07714742737919411,0.02159462930981959
70,2019-10-29,47020.0,35556.0,0.75618885580604,11464.0,0.24381114419396002,73182.0,18131.0,2115.0,22370.0,4673.0,658.0,0.3463684538494258,0.4324998192258613,0.08613136537643555,2.0582180222747217,0.5099280008999888,0.05948363145460682,1.1178324006733404,0.41206196816684676,0.05778164929550802,0.3594210434118884,0.0695670896765539,0.22661060130693578,-0.004758192711858511,-0.01286807214385216,1.9513258897418004,0.4076238660153524,0.05739706908583392,1.0822545235272294,0.34190308143334447,0.08262217678976201,0.055810293003222565,-0.06956708967655381,-0.2230634780742915,-0.14296281980840242,0.0004645978214661006
71,2019-10-30,47167.0,34602.0,0.7336061229249263,12565.0,0.26639387707507367,65423.0,17607.0,2044.0,28773.0,5351.0,630.0,0.31477086310344093,0.41091409672016455,0.09614323361672354,1.890728859603491,0.5088434194555228,0.05907172995780591,1.061508670881968,0.4113434099588161,0.0573927979966527,0.34423778988351456,-0.022582732881113676,-0.1674891626712307,-0.001084581444465993,-0.00041190149680091215,2.289932351770792,0.42586549940310386,0.05013927576601671,1.1908670027940886,0.35477899734949814,0.09179786759344206,0.04892279895973189,0.02258273288111365,0.3386064620289915,0.018241633387751477,-0.007257793319817206
72,2019-10-31,56972.0,42217.0,0.7410131292564769,14755.0,0.2589868707435231,81297.0,24444.0,3545.0,24709.0,7399.0,934.0,0.3371538053780805,0.3894376693814505,0.05228386400337009,1.9256934410308644,0.5790084563090698,0.0839709121917711,1.0735315264429595,0.45679709074305924,0.0806310688859935,0.32889911088655716,0.0074070063315505585,0.034964581427373354,0.07016503685354702,0.024899182233965186,1.6746187732971873,0.5014571331751948,0.06330057607590647,0.9838068555365344,0.40643605869983834,0.050962910620045127,0.06137782145591576,-0.0074070063315505585,-0.6153135784736046,0.07559163377209094,0.01316130030988976
73,2019-11-01,44942.0,32863.0,0.7312313648702773,12079.0,0.26876863512972277,62731.0,16410.0,1920.0,23363.0,4737.0,770.0,0.3264264140447688,0.4172770170441903,0.09085060299942148,1.9088640720567203,0.49934576879773607,0.058424367830082466,1.0677626517306273,0.40502885883044143,0.05678135682463041,0.34873743704582905,-0.009781764386199598,-0.01682936897414411,-0.07966268751133376,-0.025546544361688628,1.9341832933189833,0.39216822584651045,0.06374699892375196,1.0764291499300118,0.330862406511454,0.08695776163515535,0.061797579678202284,0.009781764386199654,0.259564520021796,-0.10928890732868435,0.00044642284784549013
74,2019-11-02,35873.0,28016.0,0.7809773367156357,7857.0,0.2190226632843643,54518.0,14573.0,2022.0,13852.0,2397.0,311.0,0.39404734479971004,0.47725685613135227,0.08320951133164219,1.9459594517418617,0.5201670474014849,0.0721730439748715,1.0804345541106386,0.41882022842590577,0.06968747123989297,0.39018689237780985,0.04974597184535845,0.03709537968514143,0.020821278603748827,0.01374867614478903,1.7630138729795086,0.3050782741504391,0.03958253786432481,1.0163220669129338,0.2662630191678243,0.07992840390877971,0.038819226668679895,-0.04974597184535848,-0.1711694203394747,-0.08708995169607137,-0.024164461059427156
75,2019-11-03,34347.0,25500.0,0.7424229190322299,8847.0,0.2575770809677701,41138.0,12716.0,1169.0,17100.0,3449.0,370.0,0.34023314408827554,0.42254677846682387,0.08231363437854834,1.6132549019607842,0.49866666666666665,0.04584313725490196,0.9605965332390356,0.40457582392328023,0.04482339001348975,0.35244877116435464,-0.03855441768340584,-0.33270454978107744,-0.021500380734818247,-0.026329906719969536,1.9328585961342828,0.389849666553634,0.04182208658302249,1.0759775774912357,0.32919558773504587,0.07910100383598194,0.0409711865102783,0.03855441768340581,0.16984472315477417,0.08477139240319492,0.0022395487186976856
76,2019-11-04,47232.0,34517.0,0.7307969173441734,12715.0,0.26920308265582654,72533.0,18020.0,1994.0,27134.0,5079.0,714.0,0.30392639312330627,0.40355202193428186,0.09962562881097561,2.1013703392531218,0.5220615928383116,0.057768635744705504,1.1318440587383896,0.42006572697698735,0.056161628751381774,0.3390061819927156,-0.011626001688056498,0.48811543729233753,0.023394926171644903,0.011925498489803545,2.1340149429807314,0.3994494691309477,0.05615414864333464,1.142314911944393,0.3360789229484926,0.09496978443182541,0.05463414872495527,0.011626001688056442,0.20115634684644856,0.009599802577313687,0.01433206206031215
77,2019-11-05,53499.0,40140.0,0.7502943980261313,13359.0,0.24970560197386868,78319.0,21825.0,3253.0,24851.0,5849.0,1489.0,0.38705011308622594,0.4598669358305763,0.07281682274435036,1.9511459890383658,0.5437219730941704,0.08104135525660189,1.0821935657769224,0.43419636614864543,0.07792479440690356,0.3783452917246863,0.01949748068195789,-0.150224350214756,0.021660380255858813,0.023272719511896384,1.8602440302417846,0.4378321730668463,0.111460438655588,1.0509069464511336,0.3631365439112771,0.0702877340185641,0.10567486103616974,-0.019497480681957863,-0.2737709127389467,0.0383827039358986,0.05530629001225335
78,2019-11-06,48142.0,34802.0,0.7229030783930871,13340.0,0.2770969216069129,75238.0,17595.0,3242.0,28203.0,6146.0,793.0,0.3190557808150887,0.40426657803996513,0.0852107972248764,2.1618872478593185,0.505574392276306,0.09315556577208206,1.1511690796629872,0.40917448138625984,0.08906852822675243,0.3395151579793521,-0.027391319633044198,0.21074125882095274,-0.0381475808178644,0.012114210515480173,2.114167916041979,0.4607196401799101,0.05944527736131934,1.1359619949002067,0.37892921851567185,0.08177425127846263,0.05774544789853609,0.027391319633044225,0.2539238858001942,0.022887467113063775,-0.052015161294268655
79,2019-11-07,44407.0,31482.0,0.708942283874164,12925.0,0.29105771612583603,60569.0,14730.0,1961.0,22716.0,5490.0,666.0,0.28675785574346385,0.40288972684486685,0.11613187110140291,1.9239247824153485,0.4678864112826377,0.06228956228956229,1.0729268173485018,0.38382355068814245,0.06042654317856823,0.3385341999164812,-0.01396079451892307,-0.23796246544397004,-0.03768798099366827,-0.03086600348251977,1.75752417794971,0.42475822050290135,0.05152804642166344,1.014333240175879,0.3540021295025358,0.10986902104765292,0.05024438857871743,0.013960794518923125,-0.3566437380922689,-0.03596141967700872,-0.007917230939655899
80,2019-11-08,47587.0,35776.0,0.7518019627209112,11811.0,0.24819803727908882,71301.0,18904.0,2537.0,23535.0,4000.0,557.0,0.333892605123248,0.424707018723601,0.09081441360035304,1.9929841234347048,0.5283989266547406,0.07091346153846154,1.096270924290741,0.42422073432311486,0.06851198664960072,0.35396619168613364,0.04285967884674713,0.06905934101935629,0.06051251537210295,0.008623899248899246,1.9926339852679706,0.3386673440013547,0.04715942765218864,1.0961539311378952,0.29167459969829795,0.0869245856903642,0.04608119121535599,-0.04285967884674721,0.2351098073182607,-0.08609087650154668,-0.004368618769474801
81,2019-11-09,34551.0,26113.0,0.7557813087899048,8438.0,0.24421869121009523,50963.0,12359.0,1493.0,16762.0,2697.0,397.0,0.34109432143787444,0.43110640213018436,0.09001208069230991,1.9516332861027075,0.47328916631562823,0.057174587370275344,1.0823586734466266,0.3874974293583324,0.05559986578435745,0.3584478528975917,0.003979346068993639,-0.04135083733199729,-0.05510976033911241,-0.013738874168186192,1.9864896894998816,0.31962550367385634,0.04704906375918464,1.0940986808152307,0.277347987007184,0.08618877938358813,0.04597579206951279,-0.003979346068993583,-0.006144295768089059,-0.01904184032749834,-0.00011036389300399935
82,2019-11-10,33746.0,25096.0,0.7436733242458365,8650.0,0.25632667575416346,45450.0,11619.0,1484.0,17055.0,3072.0,451.0,0.3309567119065963,0.41792712321460324,0.08697041130800687,1.8110455849537774,0.46298214854956965,0.05913292955052598,1.0335565084253426,0.3804769200151968,0.057450582396722245,0.34919603272335037,-0.012107984544068251,-0.14058770114893004,-0.01030701776605858,0.0019583421802506357,1.9716763005780347,0.3551445086705202,0.052138728323699424,1.08912620456368,0.3039080971104495,0.08339438726077428,0.05082497665143069,0.012107984544068223,-0.014813388921846915,0.03551900499666388,0.005089664564514783
83,2019-11-11,48349.0,37691.0,0.7795611077788579,10658.0,0.2204388922211421,68877.0,21039.0,3548.0,18383.0,3674.0,419.0,0.38777403669155514,0.46651116879356347,0.07873713210200832,1.8274123796131703,0.5581969170358971,0.09413387811413865,1.0393619398854237,0.44352933037069003,0.08996307138840746,0.3828862253583371,0.035887783533021356,0.016366794659392836,0.09521476848632748,0.03500094856361267,1.7248076562206793,0.3447175830362169,0.03931319196847439,1.0023978407508327,0.29618401556811685,0.07579103481782758,0.03856010266020527,-0.035887783533021356,-0.24686864435735534,-0.010426925634303308,-0.012825536355225035
84,2019-11-12,50937.0,34300.0,0.6733808430021399,16637.0,0.3266191569978601,72988.0,17418.0,2198.0,24852.0,8901.0,1547.0,0.3515784635922806,0.37845089620511607,0.026872432612835454,2.127930029154519,0.5078134110787172,0.06408163265306123,1.1403714532367448,0.41066052922382057,0.06211211039472907,0.3209603296685318,-0.10618026477671805,0.30051764954134863,-0.050383505957179886,-0.030052245461077418,1.4937789264891508,0.5350123219330408,0.09298551421530324,0.9137992011834086,0.42853840832488366,0.026517709611830986,0.08891295587263631,0.10618026477671799,-0.23102872973152855,0.1902947388968239,0.05367232224682885
85,2019-11-13,51909.0,40241.0,0.7752220231559075,11668.0,0.22477797684409254,69704.0,23495.0,2790.0,22100.0,4380.0,552.0,0.3519853609200717,0.429471313259743,0.07748595233967134,1.7321637136254069,0.5838572600084491,0.06933227305484456,1.0050938643733964,0.4598631757007273,0.06703440980341421,0.3573046649046793,0.10184118015376764,-0.395766315529112,0.07604384892973182,0.00525064040178333,1.8940692492286595,0.37538567020911895,0.047308878985258825,1.0626635564747227,0.31873417921410474,0.0746305056390131,0.04622390173797428,-0.10184118015376756,0.4002903227395087,-0.15962665172392188,-0.045676635230044414
86,2019-11-14,46408.0,33954.0,0.7316410963626961,12454.0,0.2683589036373039,61193.0,16598.0,2289.0,22860.0,4374.0,632.0,0.3205308050336149,0.41188249870711946,0.09135169367350458,1.8022324321140366,0.4888378394298168,0.06741473758614597,1.030416396692185,0.3979958420827123,0.06523959181709472,0.344923919395301,-0.04358092679321135,0.07006871848862972,-0.09501942057863227,-0.0019175354686985918,1.8355548418178897,0.3512124618596435,0.05074674803276056,1.0422376294303461,0.30100230927801425,0.08741701390856217,0.04950109999728678,0.04358092679321138,-0.05851440741076974,-0.02417320834947545,0.003437869047501735
87,2019-11-15,46949.0,33986.0,0.7238918826812073,12963.0,0.27610811731879276,82670.0,17117.0,2127.0,21740.0,4820.0,784.0,0.32567996549447276,0.42144561119512663,0.0957656457006539,2.432472194433002,0.5036485611722474,0.06258459365621138,1.2332807579521607,0.4078945287893463,0.060704236205912414,0.3516743898188013,-0.007749213681488842,0.6302397623189653,0.014810721742430644,-0.004830143929934583,1.6770809226259353,0.3718275090642598,0.06047982720049371,0.984726992929273,0.31614379914361773,0.09145333874612775,0.058721472871377155,0.007749213681488842,-0.15847391919195442,0.02061504720461632,0.009733079167733152
88,2019-11-16,32266.0,23292.0,0.7218744188929523,8974.0,0.27812558110704766,39063.0,10050.0,1201.0,15216.0,2710.0,480.0,0.3175067036509019,0.4130695809830782,0.09556287733217628,1.6770994332818134,0.43147861926841835,0.05156276833247467,0.984733907397837,0.3587079095509657,0.05027740846599076,0.34576434593164085,-0.0020174637882549584,-0.7553727611511885,-0.07216994190382908,-0.011021825323736717,1.6955649654557612,0.30198350791174505,0.05348785379986628,0.9916078170681444,0.26388887697170293,0.09126827441923649,0.052106424817253014,0.002017463788254903,0.018484042829825853,-0.06984400115251477,-0.0069919734006274326
89,2019-11-17,34249.0,24434.0,0.7134222897018891,9815.0,0.2865777102981109,39589.0,11415.0,1438.0,18969.0,3943.0,567.0,0.293732526497124,0.41135924260562345,0.11762671610849953,1.6202422853401,0.467176884668904,0.05885241876074323,0.9632667888180755,0.38334006767192697,0.05718569785288293,0.34455324188665515,-0.008452129191063196,-0.05685714794171348,0.03569826540048565,0.007289650428268561,1.9326541008660214,0.4017320427916454,0.057768721344880286,1.075907849479753,0.337708645375398,0.11120743356797164,0.056161709676612895,0.008452129191063251,0.23708913541026022,0.09974853487990037,0.004280867545014007
90,2019-11-18,47029.0,35234.0,0.7491973037912777,11795.0,0.25080269620872225,62362.0,17976.0,4580.0,21219.0,4065.0,843.0,0.30816853643496567,0.4046706819196666,0.09650214548470093,1.769938127944599,0.5101890219674179,0.12998807969574844,1.01882498346769,0.4122348231033295,0.12220708372679318,0.3398028852192942,0.035775014089388546,0.14969584260449897,0.043012137298513886,0.0711356609350052,1.7989826197541332,0.34463755828740994,0.07147096227214922,1.0292560010657108,0.2961245033470636,0.09212524554028548,0.06903243549162517,-0.03577501408938866,-0.1336714811118882,-0.05709448450423549,0.013702240927268933
91,2019-11-19,46633.0,33755.0,0.7238436300473914,12878.0,0.27615636995260867,55776.0,16111.0,1779.0,25652.0,5011.0,640.0,0.2962487358737375,0.3962131087427358,0.09996437286899836,1.6523774255665826,0.47729225299955563,0.052703303214338616,0.9754563795302641,0.3902108533051105,0.05136143011988049,0.3337636493818377,-0.025353673743886307,-0.1175607023780163,-0.032896768967862255,-0.07728477648140983,1.9919242118341358,0.38911321633794066,0.04969715794378009,1.0959167295220744,0.32866556969308675,0.09527779097890193,0.048501701562170624,0.025353673743886418,0.1929415920800026,0.04447565805053072,-0.02177380432836913
92,2019-11-20,48190.0,36758.0,0.7627723594106661,11432.0,0.23722764058933388,63464.0,19352.0,2889.0,22594.0,4101.0,501.0,0.37715498858684376,0.46355496161029264,0.08639997302344884,1.726535720115349,0.5264704282061048,0.07859513575276131,1.0030318363857635,0.4229581607195983,0.07565939413218274,0.3808683813542991,0.03892872936327474,0.07415829454876643,0.04917817520654916,0.025891832538422692,1.9763820853743876,0.3587298810356893,0.04382435269419174,1.0907084976323795,0.3065503523782039,0.08286945299115371,0.042891230759952374,-0.038928729363274794,-0.015542126459748173,-0.030383335302251346,-0.005872805249588345
93,2019-11-21,56627.0,42131.0,0.7440090416232539,14496.0,0.25599095837674607,71695.0,22708.0,4236.0,28430.0,5419.0,941.0,0.3324524272873364,0.42498050046797464,0.0925280731806382,1.7017160760485153,0.5389855450855664,0.10054354275948826,0.9938871548341661,0.43112346240559385,0.09580418754375879,0.3541581297448656,-0.018763317787412248,-0.02481964406683379,0.012515116879461607,0.021948407006726955,1.9612306843267109,0.37382726269315675,0.06491445916114791,1.0856049536588495,0.317600467332984,0.08849434393264825,0.06289447589908073,0.018763317787412193,-0.01515140104767676,0.015097381657467435,0.021090106466956166
94,2019-11-22,52931.0,34807.0,0.657591959343296,18124.0,0.342408040656704,63603.0,15614.0,2004.0,45398.0,7549.0,1150.0,0.23099455517560602,0.3624158187073737,0.13142126353176778,1.827304852472204,0.4485879277156894,0.057574625793662196,1.0393239089330113,0.37058923898465634,0.055978197574877396,0.3092594612115702,-0.08641708227995792,0.1255887764236887,-0.090397617369877,-0.04296891696582607,2.5048554403001546,0.4165195321121165,0.06345177664974619,1.254149275784406,0.34820282918886036,0.12347459775046156,0.06152001062420391,0.08641708227995792,0.5436247559734437,0.04269226941895976,-0.0014626825114017195
95,2019-11-23,36240.0,25371.0,0.7000827814569537,10869.0,0.29991721854304637,41909.0,10861.0,1395.0,23480.0,3728.0,560.0,0.2815042052980132,0.39855604856512145,0.11705184326710817,1.651846596507824,0.4280871861574238,0.054984036892515076,0.9752562261964978,0.35633591678571785,0.053525635905987835,0.3354403104864806,0.042490822113657734,-0.17545825596438003,-0.02050074155826559,-0.00259058890114712,2.1602723341613763,0.34299383567945535,0.05152267917931733,1.1506582055820298,0.2949013275673911,0.110692931961769,0.050239284334411015,-0.04249082211365762,-0.3445831061387783,-0.07352569643266116,-0.011929097470428862
96,2019-11-24,34992.0,23588.0,0.6740969364426155,11404.0,0.3259030635573845,41395.0,9535.0,1056.0,25113.0,4458.0,666.0,0.22853707418838592,0.37989770233196163,0.15136062814357568,1.7549177547905714,0.40423096489740545,0.044768526369340346,1.013387589088693,0.33948979698685194,0.04379535501406657,0.3220093676764868,-0.025985845014338205,0.10307115828274749,-0.02385622126001835,-0.01021551052317473,2.2021220624342335,0.390915468256752,0.058400561206594176,1.1638137345332178,0.3299621406107023,0.14094439790644084,0.05675886405901457,0.02598584501433815,0.041849728272857156,0.04792163257729665,0.006877882027276849
97,2019-11-25,53804.0,37865.0,0.7037580849007509,15939.0,0.29624191509924913,82132.0,18678.0,2805.0,31472.0,5540.0,888.0,0.2905140082521746,0.40636036354174415,0.11584635528956955,2.169074343060874,0.4932787534662617,0.07407896474316651,1.1534395399037547,0.40097420807272416,0.07146351735334716,0.3410050646319368,0.02966114845813539,0.41415658827030266,0.08904778856885626,0.029310438373826166,1.9745278875713659,0.34757513018382585,0.055712403538490496,1.0900853331511642,0.2983067774852104,0.10961318000940731,0.05421580305739369,-0.02966114845813539,-0.2275941748628676,-0.04334033807292614,-0.00268815766810368
98,2019-11-26,49670.0,36748.0,0.7398429635594926,12922.0,0.26015703644050736,65360.0,16930.0,2339.0,23122.0,4532.0,603.0,0.3190134729212804,0.42017722367626337,0.10116375075498289,1.77860019592903,0.46070534450854467,0.06364972243387396,1.0219472742462006,0.3789194317359733,0.061706128479684194,0.35078166923144194,0.03608487865874177,-0.39047414713184403,-0.03257340895771704,-0.010429242309292555,1.7893514935768458,0.3507197028323789,0.04666460300263117,1.0258091292368172,0.3006375636051459,0.09636757579589057,0.0456085395965715,-0.03608487865874177,-0.18517639399452013,0.0031445726485530567,-0.009047800535859324
99,2019-11-27,54978.0,40337.0,0.7336934773909564,14641.0,0.26630652260904364,86331.0,21073.0,2703.0,30664.0,5577.0,1039.0,0.2997464349376114,0.4019694550547492,0.10222302011713777,2.140243448942658,0.5224235813273174,0.06701043706770458,1.1443003284251505,0.42030352645374836,0.06486075396596946,0.33787800168087745,-0.006149486168536278,0.361643253013628,0.0617182368187727,0.0033607146338306276,2.094392459531453,0.38091660405709993,0.07096509801243084,1.129591589462679,0.3227474845205207,0.0973290678568968,0.06856020271091666,0.006149486168536278,0.30504096595460717,0.030196901224721018,0.024300495009799666
100,2019-11-28,42863.0,31967.0,0.745794741385344,10896.0,0.254205258614656,60566.0,15975.0,2236.0,20043.0,3569.0,489.0,0.3464783262954063,0.4442425168560297,0.09776419056062337,1.8946413488910439,0.49973410079144115,0.06994713298088653,1.0628612169569838,0.4052878262556261,0.06760923882410017,0.36758497433019394,0.012101263994387601,-0.2456021000516142,-0.022689480535876216,0.0029366959131819498,1.8394823788546255,0.32755139500734215,0.04487885462555066,1.043621774594885,0.2833361890209419,0.09327555732728605,0.04390095010854639,-0.012101263994387657,-0.2549100806768274,-0.05336520904975778,-0.026086243386880176
101,2019-11-29,43934.0,31696.0,0.7214458050712432,12238.0,0.27855419492875677,63605.0,15880.0,1803.0,25687.0,5044.0,696.0,0.3114678130832612,0.4173760458870123,0.10590823280375108,2.0067200908632006,0.5010095911155982,0.05688414941948511,1.1008498138283418,0.4061379424480974,0.055325097683014586,0.34880730721382763,-0.024348936314100733,0.11207874197215673,0.0012754903241570248,-0.013062983561401426,2.0989540774636377,0.41215884948521,0.05687203791469194,1.1310646601942471,0.34511963237885873,0.10066692750925677,0.05531363798405226,0.02434893631410079,0.2594716986090122,0.08460745447786783,0.011993183289141278
102,2019-11-30,34592.0,24812.0,0.7172756706753006,9780.0,0.2827243293246994,38643.0,10411.0,1519.0,15945.0,3251.0,460.0,0.28383906394542086,0.39033867946345974,0.10649961551803884,1.5574318877962277,0.41959535708528134,0.061220377236820896,0.9390035861512566,0.35037187120531343,0.059419545167219145,0.3295473717539734,-0.004170134395942604,-0.4492882030669729,-0.08141423403031683,0.004336227817335787,1.6303680981595092,0.3324130879345603,0.04703476482617587,0.9671237976733873,0.28699165011604294,0.10120153303311735,0.04596213556463576,0.004170134395942604,-0.4685859793041285,-0.07974576155064966,-0.00983727308851607
